{"command": "gcloud compute ssh --project weave-testing-1 --zone europe-west1-c weave-02", "duration": 218.845128, "stdout": [[1.785067, "Warning: Permanently added '104.155.40.19' (RSA) to the list of known hosts.\r\r\n"], [0.324633, "Linux weave-02 3.16.0-0.bpo.4-amd64 #1 SMP Debian 3.16.7-ckt9-3~deb8u1~bpo70+1 (2015-04-27) x86_64\r\n\r\nThe programs included with the Debian GNU/Linux system are free software;\r\nthe exact distribution terms for each program are described in the"], [0.001096, "\r\nindividual files in /usr/share/doc/*/copyright.\r\n"], [0.031048, "\r\nDebian GNU/Linux comes with ABSOLUTELY NO WARRANTY, to the extent\r\npermitted by applicable law.\r\n"], [0.007784, "\u001b[33milya@weave-02:~$ \u001b[0m"], [3.803956, "\u001b[H\u001b[2J"], [0.208884, "\u001b[33milya@weave-02:~$ \u001b[0m"], [7.484574, "sudo curl -s -L git.io/weave -o /usr/local/bin/weave"], [0.427666, "\r\n"], [1.992081, "\u001b[33milya@weave-02:~$ \u001b[0m"], [6.76348, "sudo chmod a+x /usr/local/bin/weave"], [0.443322, "\r\n"], [0.002864, "\u001b[33milya@weave-02:~$ \u001b[0m"], [0, "\u001b[30;1m"], [15.333131, "w"], [0.199093, "e"], [0.233179, "a"], [0.230924, "v"], [0.058428, "e"], [0, "\u001b[m\u001b[0m"], [0.285638, " "], [0, "\u001b[30;1m"], [0.296991, "l"], [0.158794, "a"], [0.167893, "u"], [0.288026, "n"], [0.480232, "c"], [0.122421, "h"], [0, "\u001b[m\u001b[0m"], [0.161369, " "], [0, "\u001b[31;1m"], [0.52456, "w"], [0.175908, "e"], [0.183714, "a"], [0.168061, "v"], [0.055891, "e"], [0.24832, "-"], [0.272035, "0"], [0.19212, "1"], [0, "\u001b[m\u001b[0m"], [0.129389, "\r\n"], [0.373028, "d56edd0b047cdb9dd3f34e8625cf4b24b3650b1f22266385512c589d2bd11fae\r\n"], [0.062046, "\u001b[33milya@weave-02:~$ \u001b[0m"], [0, "\u001b[30;1m"], [13.027701, "w"], [0.191454, "e"], [0.199628, "a"], [0.184503, "v"], [0.543653, "e"], [0, "\u001b[m\u001b[0m"], [0.10394, " "], [0, "\u001b[30;1m"], [0.389902, "l"], [0.148982, "a"], [0.117938, "u"], [0.180182, "n"], [0.132111, "c"], [0.111405, "h"], [0.195898, "-"], [0.381093, "d"], [0.149001, "n"], [0.089855, "s"], [0, "\u001b[m\u001b[0m"], [0.053669, "\r\n"], [1.478939, "d30ab57550a306f9df619b6de8750e86c9c1be01fb4e875eae9f918f68ecf00b\r\n"], [0.064743, "\u001b[33milya@weave-02:~$ \u001b[0m"], [0, "\u001b[30;1m"], [1.377567, "w"], [0.180231, "e"], [0.174536, "a"], [0.183853, "v"], [0.0635, "e"], [0, "\u001b[m\u001b[0m"], [0.080433, " "], [0, "\u001b[30;1m"], [0.210218, "l"], [0.151101, "a"], [0.102169, "u"], [0.166354, "n"], [0.143198, "c"], [0.09837, "h"], [0.208094, "-"], [0.303447, "p"], [0.135951, "r"], [0.135808, "o"], [0.247821, "x"], [0.137224, "y"], [0, "\u001b[m\u001b[0m"], [1.553616, "\r\n"], [0.349372, "9b06e52de1da26bbdd90cd184f4e07850538e67dbf01260f9a501a1ad4b213e4\r\n"], [0.059358, "\u001b[33milya@weave-02:~$ \u001b[0m"], [20.01502, "e"], [0.086708, "v"], [0.067276, "a"], [0.067299, "l"], [0.086607, " "], [0, "\u001b[30;1m"], [0.128081, "$"], [0.147828, "("], [0.343894, "w"], [0.152283, "e"], [0.134209, "a"], [0.14745, "v"], [0.083278, "e"], [0, "\u001b[m\u001b[0m"], [0.109605, " "], [0, "\u001b[30;1m"], [0.077764, "p"], [0.052123, "r"], [0.076564, "o"], [0.089321, "x"], [0.10028, "y"], [0.108751, "-"], [0.134495, "e"], [0.108301, "n"], [0.127809, "v"], [0.359884, ")"], [0, "\u001b[m\u001b[0m"], [0.240493, "\r\n"], [0.208884, "\u001b[33milya@weave-02:~$ \u001b[0m"], [4.548128, "c"], [0.159694, "l"], [0.182401, "e"], [0.16508, "a"], [0.12508, "r"], [1.748453, "\r\n"], [0.003956, "\u001b[H\u001b[2J"], [0.208884, "\u001b[33milya@weave-02:~$ \u001b[0m"], [0, "\u001b[34m"], [21.85668, "d"], [0.069853, "o"], [0.144047, "c"], [0.128395, "k"], [0.103645, "e"], [0.211512, "r"], [0, "\u001b[m\u001b[0m"], [0.10029, " "], [0, "\u001b[34m"], [0.319049, "r"], [0.049203, "u"], [0.152462, "n"], [0, "\u001b[m\u001b[0m"], [0.13569, " "], [0, "\u001b[34m"], [0.167391, "-"], [0.120029, "t"], [0.208123, "i"], [0, "\u001b[m\u001b[0m"], [0.65599, " "], [0, "\u001b[34m"], [0.860491, "u"], [0.836755, "b"], [0.189182, "u"], [0.143539, "n"], [0.202676, "t"], [0.127518, "u"], [0, "\u001b[m\u001b[0m"], [0.281344, "\r\n"], [0.259443, "\u001b]0;root@399a1565edc8: /\u0007root@399a1565edc8:/# "], [8.196271, "p"], [0.240401, "i"], [0.149599, "n"], [0.097261, "g"], [0.086036, " "], [0.528156, "-"], [0.139133, "c"], [0.901632, "1"], [0.060277, " "], [0, "\u001b[31;1m"], [0.412549, "h"], [0.150717, "e"], [0.193483, "l"], [0.130798, "l"], [0.179344, "o"], [0, "\u001b[m\u001b[0m"], [0.249606, "\r\n"], [0.0028, "PING hello.weave.local (10.160.0.1) 56(84) bytes of data.\r\n"], [0.999899, "64 bytes from hello.weave.local (10.160.0.1): icmp_seq=1 ttl=64 time=0.997 ms\r\n\r\n--- hello.weave.local ping statistics ---\r\n1 packets transmitted, 1 received, 0% packet loss, time 1ms\r\nrtt min/avg/max/mdev = 0.997/0.997/0.997/0.000 ms\r\n\u001b]0;root@399a1565edc8: /\u0007root@399a1565edc8:/# "], [1.721424, "e"], [0.180473, "c"], [0.086674, "h"], [0.237689, "o"], [0.166545, " "], [0, "\u001b[30;1m"], [0.257247, "'"], [0.410577, "H"], [0.258463, "e"], [0.137292, "l"], [0.108, "l"], [0.204595, "o"], [0.334463, ","], [0, "\u001b[m\u001b[0m"], [0.144555, " "], [0, "\u001b[30;1m"], [0.160913, "W"], [0.212998, "e"], [0.17052, "a"], [0.18255, "v"], [0.057424, "e"], [0.429203, "!"], [0.35121, "'"], [0, "\u001b[m\u001b[0m"], [0.192038, " "], [0.335992, "|"], [0.160024, " "], [0, "\u001b[32m"], [0.251444, "n"], [0.073054, "e"], [0.115023, "t"], [0.160428, "c"], [0.090774, "a"], [0.132988, "t"], [0, "\u001b[m\u001b[0m"], [0.117557, " "], [0, "\u001b[31;1m"], [1.416537, "h"], [0.077781, "e"], [0.071942, "l"], [0.066168, "l"], [0.022296, "o"], [0, "\u001b[m\u001b[0m"], [0.165323, " "], [0, "\u001b[32m"], [0.368775, "1"], [0.16124, "2"], [0.223837, "3"], [0.230223, "4"], [0, "\u001b[m\u001b[0m"], [0.437515, "\r\n"], [0.002924, "\u001b]0;root@399a1565edc8: /\u0007root@399a1565edc8:/# \u001b[K"], [99.318215, "exit\r\n"], [0.035861, "\u001b[33milya@weave-02:~$ \u001b[0m"], [6.323684, "logout\r\n"], [0.018492, "Connection to 104.155.40.19 closed.\r\r\n"]], "height": 12, "version": 1, "title": "",