{"command": "gcloud compute ssh --project weave-testing-1 --zone europe-west1-c weave-01", "version": 1, "width": 105, "duration": 249.163346, "height": 25, "stdout": [[1.790554, "Warning: Permanently added '104.155.6.16' (RSA) to the list of known hosts.\r\r\n"], [0.31075, "Linux weave-01 3.16.0-0.bpo.4-amd64 #1 SMP Debian 3.16.7-ckt9-3~deb8u1~bpo70+1 (2015-04-27) x86_64\r\n\r\nThe programs included with the Debian GNU/Linux system are free software;\r\nthe exact distribution terms for each program are described in the\r\nindividual files in /usr/share/doc/*/copyright."], [9e-06, "\r\n"], [0.027105, "\r\nDebian GNU/Linux comes with ABSOLUTELY NO WARRANTY, to the extent\r\npermitted by applicable law.\r\n"], [0.022273, "\u001b[33milya@weave-01:~$ \u001b[0m"], [3.513956, "\u001b[H\u001b[2J"], [0.208884, "\u001b[33milya@weave-01:~$ \u001b[0m"], [3.834975, "sudo curl -s -L git.io/weave -o /usr/local/bin/weave"], [0.652898, "\r\n"], [1.931707, "\u001b[33milya@weave-01:~$ \u001b[0m"], [7.252018, "sudo chmod a+x /usr/local/bin/weave"], [0.46262, "\r\n"], [0.00267, "\u001b[33milya@weave-01:~$ \u001b[0m"], [0, "\u001b[30;1m"], [9.988843, "w"], [0.171187, "e"], [0.196317, "a"], [0.16051, "v"], [0.111885, "e"], [0, "\u001b[m\u001b[0m"], [0.165576, " "], [0, "\u001b[30;1m"], [0.356831, "l"], [0.710913, "a"], [0.278675, "u"], [0.38369, "n"], [0.183985, "c"], [0.113059, "h"], [0, "\u001b[m\u001b[0m"], [0.168597, " "], [0, "\u001b[31;1m"], [0.774587, "w"], [0.198337, "e"], [0.174507, "a"], [0.170886, "v"], [0.05678, "e"], [0.207979, "-"], [0.287507, "0"], [0.215622, "2"], [0, "\u001b[m\u001b[0m"], [0.832334, "\r\n"], [1.576574, "b4e40e4b4665a1ffa23f90eb3ab57c83ef243e64151bedc1501235df6e532e09\r\n"], [0.060051, "\u001b[33milya@weave-01:~$ \u001b[0m"], [0, "\u001b[30;1m"], [10.576517, "w"], [0.230188, "e"], [0.256582, "a"], [0.240679, "v"], [0.055972, "e"], [0, "\u001b[m\u001b[0m"], [0.153199, " "], [0, "\u001b[30;1m"], [0.329944, "l"], [0.151755, "a"], [0.17659, "u"], [0.22355, "n"], [0.160926, "c"], [0.095363, "h"], [0.203172, "-"], [0.143171, "d"], [0.386337, "n"], [0.382809, "s"], [0, "\u001b[m\u001b[0m"], [0.89375, "\r\n"], [0.485024, "4412f20d841eb97bf2aaa593f0e1217cb9afacabdde7b060b5a747e350a935c8\r\n"], [0.063349, "\u001b[33milya@weave-01:~$ \u001b[0m"], [0, "\u001b[30;1m"], [1.550418, "w"], [0.199361, "e"], [0.19045, "a"], [0.169295, "v"], [0.077078, "e"], [0, "\u001b[m\u001b[0m"], [0.079095, " "], [0, "\u001b[30;1m"], [0.204043, "l"], [0.153956, "a"], [0.126487, "u"], [0.175432, "n"], [0.103715, "c"], [0.11188, "h"], [0.152104, "-"], [0.38435, "p"], [0.127391, "r"], [0.113282, "o"], [0.141483, "x"], [0.236967, "y"], [0, "\u001b[m\u001b[0m"], [0.713837, "\r\n"], [0.299874, "5fe17b6dca758dc28d0aa835e675bb7725ccbf02be728dd5480d0e89aaa365fa\r\n"], [0.058768, "\u001b[33milya@weave-01:~$ \u001b[0m"], [0, "\u001b[30;1m"], [20.613789, "w"], [0.201525, "e"], [0.181672, "a"], [0.219865, "v"], [0.038888, "e"], [0, "\u001b[m\u001b[0m"], [0.733374, " "], [0, "\u001b[30;1m"], [1.296374, "p"], [0.138479, "r"], [0.588933, "o"], [0.161446, "x"], [0.158612, "y"], [0.298731, "-"], [0.158773, "e"], [0.159232, "n"], [0.125622, "v"], [0, "\u001b[m\u001b[0m"], [0.249898, "\r\n"], [0, "\u001b[36;1m"], [0.161357, "export DOCKER_HOST=tcp://127.0.0.1:12375\r\n"], [0, "\u001b[m\u001b[0m"], [0.061989, "\u001b[33milya@weave-01:~$ \u001b[0m"], [0.949905, "e"], [0.274926, "v"], [0.101698, "a"], [0.13518, "l"], [0.153294, " "], [0, "\u001b[30;1m"], [1.231098, "$"], [0.151554, "("], [0.410442, "w"], [0.126145, "e"], [0.179613, "a"], [0.123922, "v"], [0.066952, "e"], [0, "\u001b[m\u001b[0m"], [0.104765, " "], [0, "\u001b[30;1m"], [0.092281, "p"], [0.102156, "r"], [0.109694, "o"], [0.121886, "x"], [0.092035, "y"], [0.01401, "-"], [0.097945, "e"], [0.080278, "n"], [0.076241, "v"], [0.275936, ")"], [0, "\u001b[m\u001b[0m"], [0.20604, "\r\n"], [0.199238, "\u001b[33milya@weave-01:~$ \u001b[0m"], [10.178128, "c"], [0.159694, "l"], [0.182401, "e"], [0.14508, "a"], [0.14008, "r"], [0.748453, "\r\n"], [0.003956, "\u001b[H\u001b[2J"], [0.208884, "\u001b[33milya@weave-01:~$ \u001b[0m"], [0, "\u001b[34m"], [5.078133, "d"], [0.09928, "o"], [0.193816, "c"], [0.104024, "k"], [0.110274, "e"], [0.174315, "r"], [0, "\u001b[m\u001b[0m"], [0.081638, " "], [0, "\u001b[34m"], [0.551856, "r"], [0.0968, "u"], [0.197188, "n"], [0, "\u001b[m\u001b[0m"], [0.146307, " "], [0, "\u001b[31m"], [0.712401, "-"], [0.847992, "-"], [0.379004, "n"], [0.101081, "a"], [0.472268, "m"], [0.127321, "e"], [0, "\u001b[m\u001b[0m"], [0.672959, " "], [0, "\u001b[31;1m"], [0.263672, "h"], [0.087315, "e"], [0.192157, "l"], [0.137207, "l"], [0.175161, "o"], [0, "\u001b[m\u001b[0m"], [0.140116, " "], [0, "\u001b[34m"], [0.356397, "u"], [0.215057, "b"], [0.152158, "u"], [0.168087, "n"], [0.183808, "t"], [0.147212, "u"], [0, "\u001b[m\u001b[0m"], [0.148548, " "], [0, "\u001b[32m"], [1.016434, "n"], [0.103536, "e"], [0.200243, "t"], [0.256433, "c"], [0.084559, "a"], [0.233571, "t"], [0, "\u001b[m\u001b[0m"], [0.118208, " "], [0, "\u001b[32m"], [0.727044, "-"], [0.725444, "l"], [0.296644, "k"], [0, "\u001b[m\u001b[0m"], [0.798225, " "], [0, "\u001b[32m"], [0.449323, "1"], [0.142379, "2"], [0.253435, "3"], [0.234611, "4"], [0, "\u001b[m\u001b[0m"], [0.429185, "\r\n"], [0, "\u001b[30;1m"], [36.847705, "Hello, Weave!\r\n"], [0, "\u001b[m\u001b[0m"], [99.310276, "Killed by signal 1.\r\r\n"], [0.008566, "\u001b[1;31mERROR:\u001b[0m (gcloud.compute.ssh) [/usr/bin/ssh] exited with return code [255].\r\n"]], "env": {"TERM": "screen", "SHELL": "/bin/tcsh"}, "title": "",